ID_POSLA,SIFRA_KO,IME_KO,OBCINA,PARCELNA_STEVILKA,VRSTA_ZEMLJISCA,VRSTA_TRAJNEGA_NASADA,STAROST_TRAJNEGA_NASADA,PRODANI_DELEZ_PARCELE,OPOMBE_O_NEPREMICNINI,POVRSINA_PARCELE,POGODBENA_CENA_PARCELE,STOPNJA_DDV_PARCELE,E_CENTROID,N_CENTROID,LETO,RPE_OBCINE_SIFRA
-84769,1723,VIČ,LJUBLJANA,2099/24,10,,,1/19,,670,,,458304.44,99090.56,2007,61
-84707,1707,IŠKA VAS,LJUBLJANA,1642/98,3,,,2/5,,525,,,462011.96,88868.91,2007,61
-84696,1741,VODICE,LJUBLJANA,1270/27,3,,,1/1,,541,,,460386.98,116447.57,2007,61
-80017,1735,STOŽICE,LJUBLJANA,754/9,5,,,1/1,,171,,,,,2007,61
-79496,1722,TRNOVSKO PREDMESTJE,LJUBLJANA,957/7,3,,,1/1,,601,,,461686.88,98639.48,2007,61
-79442,1772,SLAPE,LJUBLJANA,297/10,10,,,1/1,,9,,,467350.42,102373.42,2007,61
-79442,1772,SLAPE,LJUBLJANA,297/16,3,,,766/10000,,837,,,467295.29,102381.33,2007,61
-79442,1772,SLAPE,LJUBLJANA,297/14,10,,,1/1,,68,,,467358.14,102340.74,2007,61
-79442,1772,SLAPE,LJUBLJANA,297/11,10,,,1/1,,64,,,467373.58,102344.75,2007,61
-79406,1725,AJDOVŠČINA,LJUBLJANA,2316,10,,,659/10000,,662,,,461500.38,102008.93,2007,61
-79406,1725,AJDOVŠČINA,LJUBLJANA,2317,5,,,659/10000,,32,,,,,2007,61
-79399,1756,ČRNUČE,LJUBLJANA,603/1,10,,,1/1,,192,,,464265,107338.4,2007,61
-79399,1756,ČRNUČE,LJUBLJANA,603/1,5,,,1/1,,138,,,,,2007,61
-79398,2636,BEŽIGRAD,LJUBLJANA,2121/2,10,,,1/1,,20,,,461818.28,102531.19,2007,61
-79398,2636,BEŽIGRAD,LJUBLJANA,2121/4,5,,,1/1,,60,,,,,2007,61
-79397,1738,DRAVLJE,LJUBLJANA,809/270,5,,,1/1,,34,,,,,2007,61
-79396,1756,ČRNUČE,LJUBLJANA,553/19,3,,,1/1,,188,,,463805.88,107601.06,2007,61
-79395,1756,ČRNUČE,LJUBLJANA,553/6,5,,,1/1,,272,,,,,2007,61
-79276,1756,ČRNUČE,LJUBLJANA,241/103,3,,,1/1,,21,,,463446.15,107678.74,2007,61
-79276,1756,ČRNUČE,LJUBLJANA,241/102,3,,,1/1,,78,,,463439.77,107679.12,2007,61
-79276,1756,ČRNUČE,LJUBLJANA,241/105,3,,,1/1,,33,,,463446.29,107673.33,2007,61
-79148,1736,BRINJE I,LJUBLJANA,323/2,5,,,1/1,,650,,,,,2007,61
-79118,1754,ŠENTVID NAD LJUBLJANO,LJUBLJANA,1765/11,3,,,311/10000,,93,,,458123.84,105539.64,2007,61
-79118,1754,ŠENTVID NAD LJUBLJANO,LJUBLJANA,1712/6,3,,,276/10000,,23,,,457953.25,105457.89,2007,61
-79118,1754,ŠENTVID NAD LJUBLJANO,LJUBLJANA,1771/1,9,,,311/10000,,1952,,,457955.02,105589.98,2007,61
-79118,1754,ŠENTVID NAD LJUBLJANO,LJUBLJANA,1767/2,7,,,311/10000,,4235,,,457886.74,105476.74,2007,61
-79118,1754,ŠENTVID NAD LJUBLJANO,LJUBLJANA,1771/2,7,,,311/10000,,2137,,,457998.16,105589.71,2007,61
-79118,1754,ŠENTVID NAD LJUBLJANO,LJUBLJANA,1765/10,3,,,311/10000,,34,,,458128.28,105532.95,2007,61
-79118,1754,ŠENTVID NAD LJUBLJANO,LJUBLJANA,1712/1,3,,,311/10000,,3891,,,457958.85,105444.23,2007,61
-79118,1754,ŠENTVID NAD LJUBLJANO,LJUBLJANA,1765/1,3,,,311/10000,,11324,,,458021.98,105506.07,2007,61
-79118,1754,ŠENTVID NAD LJUBLJANO,LJUBLJANA,1712/2,7,,,369/10000,,2622,,,457898.62,105434.4,2007,61
-79118,1754,ŠENTVID NAD LJUBLJANO,LJUBLJANA,1764/4,3,,,311/10000,,129,,,458140.06,105557.23,2007,61
-79118,1754,ŠENTVID NAD LJUBLJANO,LJUBLJANA,1712/5,3,,,276/10000,,31,,,457946.62,105451.92,2007,61
-79118,1754,ŠENTVID NAD LJUBLJANO,LJUBLJANA,1712/3,5,,,311/10000,,95,,,,,2007,61
-79118,1754,ŠENTVID NAD LJUBLJANO,LJUBLJANA,1765/6,5,,,43/100,,410,,,,,2007,61
-79118,1754,ŠENTVID NAD LJUBLJANO,LJUBLJANA,1765/4,5,,,376/10000,,5432,,,,,2007,61
-79118,1754,ŠENTVID NAD LJUBLJANO,LJUBLJANA,1765/7,5,,,8/100,,146,,,,,2007,61
-79056,1722,TRNOVSKO PREDMESTJE,LJUBLJANA,250/895,10,,,1/1,,18,,,462034.03,100053.63,2007,61
-78912,1736,BRINJE I,LJUBLJANA,327/1,10,,,1/1,,260,,,,,2007,61
-78912,1736,BRINJE I,LJUBLJANA,328/3,10,,,1/2,,102,,,462354.32,104600.62,2007,61
-78912,1736,BRINJE I,LJUBLJANA,326,10,,,1/2,,470,,,462332.7,104617.75,2007,61
-78912,1736,BRINJE I,LJUBLJANA,328/2,10,,,1/1,,176,,,,,2007,61
-78912,1736,BRINJE I,LJUBLJANA,328/4,10,,,1/2,,166,,,462336.04,104606.67,2007,61
-78754,1740,SPODNJA ŠIŠKA,LJUBLJANA,772,5,,,1/1,,419,,,,,2007,61
-78727,1753,VIŽMARJE,LJUBLJANA,1674/1,5,,,1/1,,458,,,,,2007,61
-78723,1756,ČRNUČE,LJUBLJANA,1085/2,3,,,1/3,,743,,,465050.11,106766.46,2007,61
-78588,1735,STOŽICE,LJUBLJANA,1431/4,5,,,1/1,,159,,,,,2007,61
-78520,1723,VIČ,LJUBLJANA,514,3,,,1/1,,272,,,459714.15,100843.24,2007,61
-78520,1723,VIČ,LJUBLJANA,514,5,,,1/1,,124,,,,,2007,61
-78407,2706,ZELENA JAMA,LJUBLJANA,1575/8,3,,,1/1,,42,,,463658.16,102791.76,2007,61
-78407,2706,ZELENA JAMA,LJUBLJANA,1575/9,3,,,1/1,,74,,,,,2007,61
-78407,2706,ZELENA JAMA,LJUBLJANA,1575/10,3,,,1/1,,105,,,,,2007,61
-78407,2706,ZELENA JAMA,LJUBLJANA,1575/12,3,,,1/1,,81,,,,,2007,61
-78407,2706,ZELENA JAMA,LJUBLJANA,1575/2,3,,,1/1,,3504,,,,,2007,61
-78407,2706,ZELENA JAMA,LJUBLJANA,1575/11,3,,,1/1,,891,,,,,2007,61
-78406,1735,STOŽICE,LJUBLJANA,806,5,,,1/1,,954,,,,,2007,61
-78374,1722,TRNOVSKO PREDMESTJE,LJUBLJANA,201/8,7,,,NP,,172,,,461261.99,100320.1,2007,61
-78374,1722,TRNOVSKO PREDMESTJE,LJUBLJANA,201/31,3,,,NP,,264,,,461255.21,100337.17,2007,61
-78157,1754,ŠENTVID NAD LJUBLJANO,LJUBLJANA,191,10,,,1/1,dvorišče v izmeri 195 m2,341,,,459391.87,106416.85,2007,61
-78157,1754,ŠENTVID NAD LJUBLJANO,LJUBLJANA,194,7,,,1/1,,1167,,,459416.28,106485.25,2007,61
-78157,1754,ŠENTVID NAD LJUBLJANO,LJUBLJANA,192/4,8,,,1/1,zemljišče se uporablja za sadovnjak,1342,,,459391.13,106444.72,2007,61
-78157,1754,ŠENTVID NAD LJUBLJANO,LJUBLJANA,193/3,10,,,1/1,zemljišče je travnik,87,,,459406.8,106512.41,2007,61
-78157,1754,ŠENTVID NAD LJUBLJANO,LJUBLJANA,191,5,,,1/1,"poleg stavbe so evidentirani še dvorišče, njiva, travnik in sadovnjak",146,,,,,2007,61
-78144,1754,ŠENTVID NAD LJUBLJANO,LJUBLJANA,1152/2,3,,,1/1,,35,,,458334.96,104877.93,2007,61
-78144,1754,ŠENTVID NAD LJUBLJANO,LJUBLJANA,1152/3,3,,,1/1,,23,,,458334.74,104889.87,2007,61
-78144,1754,ŠENTVID NAD LJUBLJANO,LJUBLJANA,1152/1,5,,,1/1,,640,,,,,2007,61
-78072,2636,BEŽIGRAD,LJUBLJANA,1796/88,10,,,1/1,,33,,,462489.76,102740.65,2007,61
-78063,2636,BEŽIGRAD,LJUBLJANA,623/3,5,,,1/1,,371,,,,,2007,61
-78016,1723,VIČ,LJUBLJANA,1149/6,5,,,1/1,,148,,,,,2007,61
-78016,1723,VIČ,LJUBLJANA,1149/11,5,,,1/1,,14,,,,,2007,61
-77996,1735,STOŽICE,LJUBLJANA,1133/14,5,,,1/1,,295,,,,,2007,61
-77834,1746,RAŠICA,LJUBLJANA,46/3,9,,,1/1,,265,,,462353.62,110787.46,2007,61
-77834,1746,RAŠICA,LJUBLJANA,46/3,5,,,1/1,,23,,,,,2007,61
-77773,1739,ZGORNJA ŠIŠKA,LJUBLJANA,362/1,5,,,1/1,,783,,,,,2007,61
-77764,1733,BIZOVIK,LJUBLJANA,520/1,5,,,1/1,,1324,,,,,2007,61
-77764,1733,BIZOVIK,LJUBLJANA,520/2,5,,,1/1,,447,,,,,2007,61
-77764,1733,BIZOVIK,LJUBLJANA,520/3,5,,,1/1,,188,,,,,2007,61
-77730,1740,SPODNJA ŠIŠKA,LJUBLJANA,1149/2,3,,,1/1,,328,,,461156.72,102800.45,2007,61
-77730,1740,SPODNJA ŠIŠKA,LJUBLJANA,1149/2,5,,,1/1,,328,,,,,2007,61
-77727,1740,SPODNJA ŠIŠKA,LJUBLJANA,1145/9,3,,,NP,,334,,,461080.05,102774.32,2007,61
-77727,1740,SPODNJA ŠIŠKA,LJUBLJANA,1145/9,5,,,NP,,334,,,,,2007,61
-77710,2679,GRADIŠČE II,LJUBLJANA,92/13,10,,,1/1,,207,,,460292.12,101067.64,2007,61
-77710,2679,GRADIŠČE II,LJUBLJANA,92/13,5,,,1/1,,164,,,,,2007,61
-77695,2636,BEŽIGRAD,LJUBLJANA,338/2,3,,,1/1,,267,,,461921.35,103552.17,2007,61
-77695,2636,BEŽIGRAD,LJUBLJANA,338/2,5,,,1/1,,70,,,,,2007,61
-77670,1982,ŠUJICA,LJUBLJANA,1028/7,3,,,1/1,,739,,,454073.34,103499.61,2007,61
-57816,1730,MOSTE,LJUBLJANA,127/378,5,,,774/20000,,248,,,,,2007,61
-57816,1730,MOSTE,LJUBLJANA,127/379,5,,,774/20000,,119,,,,,2007,61
-57812,1753,VIŽMARJE,LJUBLJANA,113/29,10,,,1/1,,47,,,458349.71,108323.23,2007,61
-57656,1738,DRAVLJE,LJUBLJANA,1372,10,,,1/1,,2088,,,458264.94,103834.18,2007,61
-57530,1722,TRNOVSKO PREDMESTJE,LJUBLJANA,414/38,3,,,1/1,,373,,,460125.01,99447.45,2007,61
-57530,1722,TRNOVSKO PREDMESTJE,LJUBLJANA,414/83,3,,,1/1,,16,,,460181.09,99462.43,2007,61
-57519,1735,STOŽICE,LJUBLJANA,650/1,3,,,1/1,,1183,,,,,2007,61
-57514,1739,ZGORNJA ŠIŠKA,LJUBLJANA,230/5,3,,,1/1,,4292,,,460102.35,104008.07,2007,61
-57514,1739,ZGORNJA ŠIŠKA,LJUBLJANA,230/7,3,,,1/1,,4,,,,,2007,61
-57514,1739,ZGORNJA ŠIŠKA,LJUBLJANA,230/6,3,,,1/1,,1277,,,,,2007,61
-57377,1733,BIZOVIK,LJUBLJANA,456/12,5,,,1/1,,192,,,,,2007,61
-57342,1738,DRAVLJE,LJUBLJANA,1372,9,,,1/1,,2088,,,458264.94,103834.18,2007,61
-57177,1735,STOŽICE,LJUBLJANA,1133/5,5,,,1/1,,311,,,,,2007,61
-56999,1723,VIČ,LJUBLJANA,415/7,5,,,1/2,,105,,,,,2007,61
-56833,1772,SLAPE,LJUBLJANA,721/8,3,,,1/9,,868,,,467874.75,101698.84,2007,61
-56756,1994,DOBROVA,LJUBLJANA,2024/41,7,,,4/4,,292,,,457979.43,99970.83,2007,61
-56563,1755,GLINCE,LJUBLJANA,595/9,10,,,1/1,,58,,,457902.76,104527.26,2007,61
-56563,1755,GLINCE,LJUBLJANA,595/4,5,,,1/1,,590,,,,,2007,61
-56452,2679,GRADIŠČE II,LJUBLJANA,108/25,3,,,1/1,,836,,,460494.66,101027.83,2007,61
-56452,2679,GRADIŠČE II,LJUBLJANA,*383,5,,,1/1,,150,,,,,2007,61
-56451,2679,GRADIŠČE II,LJUBLJANA,108/25,3,,,1/1,,836,,,460494.66,101027.83,2007,61
-56451,2679,GRADIŠČE II,LJUBLJANA,383,5,,,1/1,,150,,,,,2007,61
-56347,2636,BEŽIGRAD,LJUBLJANA,1409/36,10,,,1/1,,56,,,463262.8,102888.96,2007,61
-56346,1740,SPODNJA ŠIŠKA,LJUBLJANA,847/3,5,,,1/1,,178,,,,,2007,61
-56345,1756,ČRNUČE,LJUBLJANA,224/3,5,,,1/1,,517,,,,,2007,61
-56344,1695,KARLOVŠKO PREDMESTJE,LJUBLJANA,360/6,3,,,1/1,,310,,,462282.42,98862.1,2007,61
-56344,1695,KARLOVŠKO PREDMESTJE,LJUBLJANA,360/5,3,,,1/4,,15,,,462276.15,98873.56,2007,61
-56344,1695,KARLOVŠKO PREDMESTJE,LJUBLJANA,360/3,3,,,1/6,,255,,,462304.83,98861.41,2007,61
-56241,2636,BEŽIGRAD,LJUBLJANA,1763/91,3,,,1/1,,3397,,,462548.72,102599.02,2007,61
-56240,1741,VODICE,LJUBLJANA,1270/40,3,,,1/1,,539,,,460470.24,116435.31,2007,61
-56237,1737,TABOR,LJUBLJANA,3321,3,,,1/10,,150,,,462545.47,101625.18,2007,61
-56230,1753,VIŽMARJE,LJUBLJANA,297/107,3,,,1/1,,9,,,,,2007,61
-56230,1753,VIŽMARJE,LJUBLJANA,297/110,3,,,1/1,,39,,,,,2007,61
-56230,1753,VIŽMARJE,LJUBLJANA,297/87,3,,,1/1,,668,,,,,2007,61
-56229,1974,ZGORNJE PIRNIČE,LJUBLJANA,829/26,3,,,1/1,,451,,,454971.39,111768.92,2007,61
-56229,1974,ZGORNJE PIRNIČE,LJUBLJANA,829/12,3,,,1/1,,312,,,454969.57,111790.11,2007,61
-56218,1755,GLINCE,LJUBLJANA,695,5,,,1/1,,154,,,,,2007,61
-56217,1994,DOBROVA,LJUBLJANA,2048/32,5,,,1/2,,553,,,,,2007,61
-56187,1736,BRINJE I,LJUBLJANA,50/14,5,,,1/1,,45,,,,,2007,61
-56143,1753,VIŽMARJE,LJUBLJANA,997/7,5,,,1/1,,169,,,,,2007,61
-54454,1727,POLJANSKO PREDMESTJE,LJUBLJANA,214/1,5,,,1/1,,93,,,,,2007,61
-53829,1695,KARLOVŠKO PREDMESTJE,LJUBLJANA,199/75,5,,,1/1,,215,,,,,2007,61
-53829,1695,KARLOVŠKO PREDMESTJE,LJUBLJANA,198/1,5,,,1/1,,630,,,,,2007,61
-53829,1695,KARLOVŠKO PREDMESTJE,LJUBLJANA,199/1,5,,,1/1,,521,,,,,2007,61
-53829,1695,KARLOVŠKO PREDMESTJE,LJUBLJANA,199/73,5,,,1/1,,27,,,,,2007,61
-53829,1695,KARLOVŠKO PREDMESTJE,LJUBLJANA,199/74,5,,,1/1,,245,,,,,2007,61
-53829,1695,KARLOVŠKO PREDMESTJE,LJUBLJANA,199/76,5,,,1/1,,475,,,,,2007,61
-53829,1695,KARLOVŠKO PREDMESTJE,LJUBLJANA,199/77,5,,,1/1,,1,,,,,2007,61
-53829,1695,KARLOVŠKO PREDMESTJE,LJUBLJANA,197/1,3,,,1/1,,1366,,,463307.39,99449.01,2007,61
-53829,1695,KARLOVŠKO PREDMESTJE,LJUBLJANA,197/3,3,,,1/1,,314,,,463281.94,99449.86,2007,61
-53829,1695,KARLOVŠKO PREDMESTJE,LJUBLJANA,210/57,3,,,1/1,,64,,,463335.3,99417.2,2007,61
-53829,1695,KARLOVŠKO PREDMESTJE,LJUBLJANA,210/58,3,,,1/1,,39,,,463348.66,99429.43,2007,61
-53829,1695,KARLOVŠKO PREDMESTJE,LJUBLJANA,197/34,3,,,1/1,,25,,,463327.38,99451.4,2007,61
-53829,1695,KARLOVŠKO PREDMESTJE,LJUBLJANA,198/35,3,,,1/1,,11,,,463307.2,99420.42,2007,61
-53829,1695,KARLOVŠKO PREDMESTJE,LJUBLJANA,198/34,3,,,1/1,,30,,,463304.42,99422.74,2007,61
-53810,1739,ZGORNJA ŠIŠKA,LJUBLJANA,1065/294,3,,,1/1,,44,,,459305.48,103174.65,2007,61
-53771,1695,KARLOVŠKO PREDMESTJE,LJUBLJANA,197/1,7,,,1/1,,1366,,,463307.39,99449.01,2007,61
-53771,1695,KARLOVŠKO PREDMESTJE,LJUBLJANA,197/34,7,,,1/1,,25,,,463327.38,99451.4,2007,61
-53771,1695,KARLOVŠKO PREDMESTJE,LJUBLJANA,198/34,7,,,1/1,,30,,,463304.42,99422.74,2007,61
-53771,1695,KARLOVŠKO PREDMESTJE,LJUBLJANA,198/35,7,,,1/1,,11,,,463307.2,99420.42,2007,61
-53771,1695,KARLOVŠKO PREDMESTJE,LJUBLJANA,210/58,3,,,1/1,,39,,,463348.66,99429.43,2007,61
-53771,1695,KARLOVŠKO PREDMESTJE,LJUBLJANA,197/3,7,,,1/1,,314,,,463281.94,99449.86,2007,61
-53771,1695,KARLOVŠKO PREDMESTJE,LJUBLJANA,210/57,3,,,1/1,,64,,,463335.3,99417.2,2007,61
-53771,1695,KARLOVŠKO PREDMESTJE,LJUBLJANA,199/75,5,,,1/1,,215,,,,,2007,61
-53771,1695,KARLOVŠKO PREDMESTJE,LJUBLJANA,198/1,5,,,1/1,,630,,,,,2007,61
-53771,1695,KARLOVŠKO PREDMESTJE,LJUBLJANA,199/1,5,,,1/1,,521,,,,,2007,61
-53771,1695,KARLOVŠKO PREDMESTJE,LJUBLJANA,199/73,5,,,1/1,,27,,,,,2007,61
-53771,1695,KARLOVŠKO PREDMESTJE,LJUBLJANA,199/74,5,,,1/1,,245,,,,,2007,61
-53771,1695,KARLOVŠKO PREDMESTJE,LJUBLJANA,199/76,5,,,1/1,,475,,,,,2007,61
-53771,1695,KARLOVŠKO PREDMESTJE,LJUBLJANA,199/77,5,,,1/1,,1,,,,,2007,61
-53539,1710,GRADIŠČE,LJUBLJANA,1181/9,7,,,1/1,,717,,,467259.11,89011.6,2007,61
-53526,1733,BIZOVIK,LJUBLJANA,456/2,5,,,1/1,,145,,,,,2007,61
-53521,1772,SLAPE,LJUBLJANA,1424/1,5,,,1/1,,54,,,,,2007,61
-53502,1756,ČRNUČE,LJUBLJANA,145/1,3,,,30/200,,567,,,463353.05,106947.26,2007,61
-53495,1736,BRINJE I,LJUBLJANA,323/3,3,,,1/1,,242,,,462364.27,104625.22,2007,61
-53495,1736,BRINJE I,LJUBLJANA,323/1,5,,,1/1,,408,,,,,2007,61
-53454,1723,VIČ,LJUBLJANA,451/2,10,,,1/1,,2141,,,459535.22,100935.72,2007,61
-53454,1723,VIČ,LJUBLJANA,452/1,10,,,1/1,,60,,,459591.73,100975.06,2007,61
-53454,1723,VIČ,LJUBLJANA,454/1,10,,,1/1,,649,,,459593.76,100989.25,2007,61
-53454,1723,VIČ,LJUBLJANA,468,10,,,1/1,,701,,,459619.4,101000.64,2007,61
-53454,1723,VIČ,LJUBLJANA,467,10,,,1/1,,98,,,459622.19,100989.28,2007,61
-53454,1723,VIČ,LJUBLJANA,450,10,,,1/1,,396,,,459597.42,101039.57,2007,61
-53454,1723,VIČ,LJUBLJANA,454/2,10,,,1/1,,16,,,459589.26,100971.03,2007,61
-53454,1723,VIČ,LJUBLJANA,466,10,,,1/1,,691,,,459625.1,100978.3,2007,61
-53430,1730,MOSTE,LJUBLJANA,971/25,10,,,1/1,,1852,,,464179.85,102028.55,2007,61
-53428,1740,SPODNJA ŠIŠKA,LJUBLJANA,958/2,10,,,1/1,,531,,,460772.7,103139.05,2007,61
-53397,1982,ŠUJICA,LJUBLJANA,356/4,3,,,1/1,,230,,,457870.83,100688.44,2007,61
-53397,1982,ŠUJICA,LJUBLJANA,356/6,3,,,1/1,,357,,,457882.8,100698.1,2007,61
-53397,1982,ŠUJICA,LJUBLJANA,349/39,3,,,1/1,,372,,,457878.84,100674.2,2007,61
-53397,1982,ŠUJICA,LJUBLJANA,356/5,5,,,1/1,,101,,,,,2007,61
-53382,1739,ZGORNJA ŠIŠKA,LJUBLJANA,58/4,5,,,1/1,,26,,,,,2007,61
-53319,1994,DOBROVA,LJUBLJANA,2035/22,5,,,1/1,,15,,,,,2007,61
-53311,1994,DOBROVA,LJUBLJANA,641/4,3,,,1/1,,869,,,451224.9,100006.31,2007,61
-53204,1716,ULAKA,LJUBLJANA,613/3,9,,,1/1,,1189,,,469704.72,78333.42,2007,61
-53204,1716,ULAKA,LJUBLJANA,613/2,10,,,1/1,,1280,,,469735.16,78308.26,2007,61
-53160,1710,GRADIŠČE,LJUBLJANA,675/18,3,,,1/1,,1111,,,467388.64,88172.33,2007,61
-53053,1776,LIPOGLAV,LJUBLJANA,1518/5,7,,,1/1,,26,,,473011.54,97133.42,2007,61
-53053,1776,LIPOGLAV,LJUBLJANA,1518/5,7,,,1/1,,26,,,473011.54,97133.42,2007,61
-53050,1776,LIPOGLAV,LJUBLJANA,1520/6,7,,,1/1,,1221,,,473026.2,97169.83,2007,61
-53002,1738,DRAVLJE,LJUBLJANA,368/2,5,,,1/1,,363,,,,,2007,61
-53002,1738,DRAVLJE,LJUBLJANA,368/5,5,,,1/1,,162,,,,,2007,61
-52983,2636,BEŽIGRAD,LJUBLJANA,1409/33,10,,,1/1,,63,,,463227.41,102848,2007,61
-52969,1776,LIPOGLAV,LJUBLJANA,1518/4,7,,,1/1,,556,,,472999.93,97129.76,2007,61
-52958,1722,TRNOVSKO PREDMESTJE,LJUBLJANA,905/11,3,,,1/1,,377,,,461761.56,99252.87,2007,61
-52958,1722,TRNOVSKO PREDMESTJE,LJUBLJANA,905/32,3,,,1/1,,16,,,461758.98,99265.45,2007,61
-52944,1771,ZADOBROVA,LJUBLJANA,903/4,5,,,1/1,,272,,,,,2007,61
-52944,1771,ZADOBROVA,LJUBLJANA,894/3,5,,,1/1,,46,,,,,2007,61
-52944,1771,ZADOBROVA,LJUBLJANA,895/4,5,,,1/1,,163,,,,,2007,61
-52633,1722,TRNOVSKO PREDMESTJE,LJUBLJANA,1689/901,5,,,1/1,,59,,,,,2007,61
-52633,1722,TRNOVSKO PREDMESTJE,LJUBLJANA,1689/902,5,,,1/1,,251,,,,,2007,61
-52603,1736,BRINJE I,LJUBLJANA,840/60,5,,,1/1,,156,,,,,2007,61
-52569,2679,GRADIŠČE II,LJUBLJANA,143/132,5,,,1/1,,142,,,,,2007,61
-52537,1739,ZGORNJA ŠIŠKA,LJUBLJANA,1104/1,5,,,1/1,,1272,,,,,2007,61
-52537,1739,ZGORNJA ŠIŠKA,LJUBLJANA,1104/23,5,,,1/1,,143,,,,,2007,61
-26500,1739,ZGORNJA ŠIŠKA,LJUBLJANA,379/2,3,,,1/1,,429,,,459055.75,103607.47,2007,61
-26500,1739,ZGORNJA ŠIŠKA,LJUBLJANA,379/9,3,,,1/1,,71,,,459040.51,103599.54,2007,61
-26500,1739,ZGORNJA ŠIŠKA,LJUBLJANA,379/13,3,,,1/1,,34,,,459057.64,103606.41,2007,61
-26490,1741,VODICE,LJUBLJANA,1267/4,3,,,1/1,,571,,,460332.45,116473.57,2007,61
-26490,1741,VODICE,LJUBLJANA,1270/16,3,,,1/1,,42,,,460333.25,116453.02,2007,61
-26488,1741,VODICE,LJUBLJANA,1270/33,3,,,1/1,,540,,,460452.99,116428.42,2007,61
-26486,1756,ČRNUČE,LJUBLJANA,141/5,3,,,1/2,,705,,,463429.36,107012.48,2007,61
-26486,1756,ČRNUČE,LJUBLJANA,141/10,3,,,1/3,,344,,,463420.45,107008,2007,61
-26330,1695,KARLOVŠKO PREDMESTJE,LJUBLJANA,98/1,5,,,1/1,,1168,,,,,2007,61
-26330,1695,KARLOVŠKO PREDMESTJE,LJUBLJANA,98/5,5,,,1/1,,255,,,,,2007,61
-26308,2636,BEŽIGRAD,LJUBLJANA,1348/1,3,,,1/6,,2619,,,463166.9,103318.58,2007,61
-26289,1730,MOSTE,LJUBLJANA,318/2,5,,,1/3,,241,,,,,2007,61
-26283,1728,LJUBLJANA MESTO,LJUBLJANA,*53,5,,,1/1,,281,,,,,2007,61
-26283,1728,LJUBLJANA MESTO,LJUBLJANA,72,5,,,1/1,,408,,,,,2007,61
-26283,1728,LJUBLJANA MESTO,LJUBLJANA,73,5,,,1/1,,452,,,,,2007,61
-26270,1736,BRINJE I,LJUBLJANA,397/2,5,,,1/1,,729,,,,,2007,61
-26270,1736,BRINJE I,LJUBLJANA,397/5,5,,,1/1,,44,,,,,2007,61
-26225,1725,AJDOVŠČINA,LJUBLJANA,3192/1,5,,,NP,,470,,,,,2007,61
-26225,1725,AJDOVŠČINA,LJUBLJANA,3194/3,5,,,NP,,120,,,,,2007,61
-26078,1723,VIČ,LJUBLJANA,711,5,,,1/1,,381,,,,,2007,61
-26048,1736,BRINJE I,LJUBLJANA,346/1,3,,,1/1,,793,,,462363.67,104471.87,2007,61
-26048,1736,BRINJE I,LJUBLJANA,346/1,5,,,1/1,,793,,,,,2007,61
-26034,1778,VOLAVLJE,LJUBLJANA,2556/2,3,,,1/1,,966,,,476288.05,100811.82,2007,61
-25971,1753,VIŽMARJE,LJUBLJANA,273/1,3,,,1/1,,181,,,458857.07,108427.99,2007,61
-25971,1753,VIŽMARJE,LJUBLJANA,274,3,,,1/1,,275,,,458872.01,108414.5,2007,61
-25971,1753,VIŽMARJE,LJUBLJANA,273/2,5,,,1/1,,60,,,,,2007,61
-25968,1738,DRAVLJE,LJUBLJANA,1480/17,3,,,1/1,,299,,,459325.56,104064.72,2007,61
-25950,1723,VIČ,LJUBLJANA,1850/5,3,,,1/1,,3888,,,460303.32,100257.97,2007,61
-25950,1723,VIČ,LJUBLJANA,1850/8,3,,,1/1,,496,,,460287.82,100196.07,2007,61
-25950,1723,VIČ,LJUBLJANA,1850/14,3,,,1/1,,76,,,460238.44,100309.76,2007,61
-25950,1723,VIČ,LJUBLJANA,1850/16,3,,,1/1,,538,,,460293.71,100308.15,2007,61
-25950,1723,VIČ,LJUBLJANA,1850/1,3,,,1/1,,3158,,,460266.51,100253.04,2007,61
-25950,1723,VIČ,LJUBLJANA,1850/11,3,,,1/1,,79,,,460295.47,100305.77,2007,61
-25835,1753,VIŽMARJE,LJUBLJANA,631/222,3,,,1/1,,145,,,458820.03,108284.11,2007,61
-25776,1982,ŠUJICA,LJUBLJANA,339/6,5,,,1/2,,309,,,,,2007,61
-25503,1737,TABOR,LJUBLJANA,3043,5,,,69/1000,,219,,,,,2007,61
-25503,1737,TABOR,LJUBLJANA,3044,5,,,69/1000,,209,,,,,2007,61
-25503,1737,TABOR,LJUBLJANA,3045,5,,,69/1000,,27,,,,,2007,61
-25456,1752,STANEŽIČE,LJUBLJANA - ŠIŠKA,298/1,7,,,NP,,970,,,,,2007,61
-25456,1752,STANEŽIČE,LJUBLJANA - ŠIŠKA,298/5,10,,,NP,,843,,,,,2007,61
-25456,1752,STANEŽIČE,LJUBLJANA,298/4,5,,,NP,,739,,,,,2007,61
-25448,1735,STOŽICE,LJUBLJANA,1133/12,5,,,1/1,,292,,,,,2007,61
-25438,1770,KAŠELJ,LJUBLJANA,1254,7,,,1/1,,5049,,,469830.52,101670.07,2007,61
-25431,1733,BIZOVIK,LJUBLJANA,456/2,5,,,1/1,,185,,,,,2007,61
-25312,1737,TABOR,LJUBLJANA,2815,3,,,1/1,,66,,,462521.2,102059.23,2007,61
-25312,1737,TABOR,LJUBLJANA,2813,3,,,1/1,,1900,,,462519.71,102088.75,2007,61
-25304,1722,TRNOVSKO PREDMESTJE,LJUBLJANA,908/1,10,,,2/52,,72,,,461688.22,99169.09,2007,61
-25289,1730,MOSTE,LJUBLJANA,318/2,5,,,1/3,,241,,,,,2007,61
-25096,1754,ŠENTVID NAD LJUBLJANO,LJUBLJANA,994,5,,,1/1,,215,,,,,2007,61
-25051,1723,VIČ,LJUBLJANA,609/1,3,,,1/2,,673,,,460206.23,100920.48,2007,61
-25051,1723,VIČ,LJUBLJANA,610,3,,,1/2,,940,,,460165.7,100903.75,2007,61
-25051,1723,VIČ,LJUBLJANA,609/2,3,,,1/2,,240,,,460215.75,100935.32,2007,61
-25051,1723,VIČ,LJUBLJANA,610,5,,,1/2,,329,,,,,2007,61
-25044,1723,VIČ,LJUBLJANA,609/2,3,,,1/2,,240,,,460215.75,100935.32,2007,61
-25044,1723,VIČ,LJUBLJANA,610,3,,,1/2,,940,,,460165.7,100903.75,2007,61
-25044,1723,VIČ,LJUBLJANA,609/1,3,,,1/2,,673,,,460206.23,100920.48,2007,61
-25044,1723,VIČ,LJUBLJANA,610,5,,,1/2,,329,,,,,2007,61
-25015,1720,KRAKOVSKO PREDMESTJE,LJUBLJANA,73/57,3,,,1/1,,1882,,,461204.22,100607.93,2007,61
-24941,1732,ŠTEPANJA VAS,LJUBLJANA,89/2,5,,,1/1,,139,,,,,2007,61
-24856,1766,PETELINJE,LJUBLJANA,90/2,3,,,1/1,,43,,,474715.24,106357.13,2007,61
-24856,1766,PETELINJE,LJUBLJANA,91,3,,,1/1,,331,,,474706.57,106334.14,2007,61
-24856,1766,PETELINJE,LJUBLJANA,92,3,,,1/1,,311,,,,,2007,61
-24856,1766,PETELINJE,LJUBLJANA,90/1,3,,,1/1,,2205,,,474692.36,106357.19,2007,61
-24856,1766,PETELINJE,LJUBLJANA,127,3,,,1/1,,1098,,,,,2007,61
-24840,1695,KARLOVŠKO PREDMESTJE,LJUBLJANA,98/1,8,,,NP,,1168,,,463106.36,99800.77,2007,61
-24840,1695,KARLOVŠKO PREDMESTJE,LJUBLJANA,98/5,5,,,1/1,,255,,,,,2007,61
-24750,1727,POLJANSKO PREDMESTJE,LJUBLJANA,159/18,10,,,1/1,,11,,,463134.74,101040.78,2007,61
-24750,1727,POLJANSKO PREDMESTJE,LJUBLJANA,159/25,10,,,20/100,,32,,,463136.04,101039.46,2007,61
-24750,1727,POLJANSKO PREDMESTJE,LJUBLJANA,159/23,10,,,12/100,,2,,,463157.05,101043.42,2007,61
-24747,1727,POLJANSKO PREDMESTJE,LJUBLJANA,159/23,9,,,15/100,,2,,,463157.05,101043.42,2007,61
-24747,1727,POLJANSKO PREDMESTJE,LJUBLJANA,159/25,10,,,20/100,,32,,,463136.04,101039.46,2007,61
-24747,1727,POLJANSKO PREDMESTJE,LJUBLJANA,159/19,10,,,1/1,,11,,,463139.58,101041.36,2007,61
-24741,1740,SPODNJA ŠIŠKA,LJUBLJANA,438/1,3,,,61/100,,364,,,460940.04,103406.3,2007,61
-24741,1740,SPODNJA ŠIŠKA,LJUBLJANA,"437, 438/1",5,,,61/100,,116,,,,,2007,61
-24600,2682,BRDO,LJUBLJANA,1613/5,10,,,1/4,,58,,,457565.09,101238.12,2007,61
-24600,2682,BRDO,LJUBLJANA,1613/8,3,,,1/2,,135,,,457565.59,101251.29,2007,61
-24600,2682,BRDO,LJUBLJANA,1614/5,5,,,1/1,,15,,,,,2007,61
-24566,1779,TREBELJEVO,LJUBLJANA,241/4,3,,,1/1,,70,,,479801.31,97342.96,2007,61
-24566,1779,TREBELJEVO,LJUBLJANA,238/3,3,,,1/1,,271,,,479823.71,97350.99,2007,61
-24554,1751,TACEN,LJUBLJANA,143/20,3,,,1/1,,716,,,458393.34,108921.55,2007,61
-24554,1751,TACEN,LJUBLJANA,143/26,3,,,NP,,677,,,458417.82,108941.12,2007,61
-24554,1751,TACEN,LJUBLJANA,143/27,3,,,1/1,,130,,,458404.74,108962.73,2007,61
-24554,1751,TACEN,LJUBLJANA,143/29,3,,,1/1,,656,,,458414.77,108968.51,2007,61
-24554,1751,TACEN,LJUBLJANA,143/28,3,,,NP,,674,,,458391.25,108958.49,2007,61
-24426,1723,VIČ,LJUBLJANA,176,5,,,36/60,,279,,,,,2007,61
-24424,1695,KARLOVŠKO PREDMESTJE,LJUBLJANA,164/70,10,,,1/1,,14,,,462192.77,99857.77,2007,61
-24424,1695,KARLOVŠKO PREDMESTJE,LJUBLJANA,164/68,10,,,1/1,,43,,,462213.86,99839.97,2007,61
-24419,1734,JEŽICA,LJUBLJANA,1003/1,3,,,NP,,6210,,,462068.52,105967.96,2007,61
-24419,1734,JEŽICA,LJUBLJANA,1001/3,3,,,NP,,1648,,,462056.09,106049.01,2007,61
-24419,1734,JEŽICA,LJUBLJANA,1002/2,3,,,NP,,510,,,462083.82,106050.51,2007,61
-24419,1734,JEŽICA,LJUBLJANA,1001/3,5,,,NP,,1648,,,,,2007,61
-24362,1753,VIŽMARJE,LJUBLJANA,1519,3,,,NP,,321,,,458388.99,106765.86,2007,61
-24362,1753,VIŽMARJE,LJUBLJANA,1518/10,3,,,1/1,,358,,,458373.73,106786.7,2007,61
-24362,1753,VIŽMARJE,LJUBLJANA,1521/1,3,,,1/1,,291,,,458396.17,106774.95,2007,61
-24362,1753,VIŽMARJE,LJUBLJANA,1520,3,,,NP,,591,,,458381.62,106771.75,2007,61
-24360,2678,GOLOVEC,LJUBLJANA,126/11,5,,,252,,252,,,,,2007,61
-23722,1738,DRAVLJE,LJUBLJANA,951/40,5,,,1/1,,24,,,,,2007,61
-23713,1732,ŠTEPANJA VAS,LJUBLJANA,450/1,3,,,1/2,,524,,,464880.36,100735.34,2007,61
-23713,1732,ŠTEPANJA VAS,LJUBLJANA,450/3,3,,,1/2,,61,,,464894.99,100737.97,2007,61
-23710,1771,ZADOBROVA,LJUBLJANA,754/43,3,,,1/2,,304,,,466870.15,104620.39,2007,61
-23707,1751,TACEN,LJUBLJANA,143/20,3,,,1/1,,716,,,458393.34,108921.55,2007,61
-23707,1751,TACEN,LJUBLJANA,143/26,3,,,1/1,,677,,,458417.82,108941.12,2007,61
-23707,1751,TACEN,LJUBLJANA,143/27,3,,,1/1,,130,,,458404.74,108962.73,2007,61
-23707,1751,TACEN,LJUBLJANA,143/29,3,,,1/1,,656,,,458414.77,108968.51,2007,61
-23707,1751,TACEN,LJUBLJANA,143/28,3,,,1/1,,674,,,458391.25,108958.49,2007,61
-23513,2636,BEŽIGRAD,LJUBLJANA,362,5,,,1/1,,325,,,,,2007,61
-23403,1724,BREZOVICA,LJUBLJANA,596/30,10,,,1/8,,9999,,,454655.25,97729.69,2007,61
-23403,1724,BREZOVICA,LJUBLJANA,597/1,10,,,1/8,,9999,,,454654.35,97727.27,2007,61
-23402,1724,BREZOVICA,LJUBLJANA,596/30,10,,,1/8,,9999,,,454655.25,97729.69,2007,61
-23402,1724,BREZOVICA,BREZOVICA,597/1,10,,,1/8,,9999,,,454654.35,97727.27,2007,61
-23398,1702,TOMIŠELJ,LJUBLJANA,696/5,7,,,1/1,,32,,,460952.94,92038.59,2007,61
-23396,1994,DOBROVA,LJUBLJANA,2345/15,3,,,1/1,,316,,,457462.52,99378.04,2007,61
-23283,1736,BRINJE I,LJUBLJANA,326,3,,,147/1000,,277,,,462332.7,104617.75,2007,61
-23283,1736,BRINJE I,LJUBLJANA,326,5,,,147/1000,,37,,,,,2007,61
-23201,1730,MOSTE,LJUBLJANA,318/2,5,,,1/3,,241,,,,,2007,61
-23177,1738,DRAVLJE,LJUBLJANA,1017/3,10,,,1/1,,985,,,459225.24,104337.79,2007,61
-23177,1738,DRAVLJE,LJUBLJANA,1017/2,10,,,1/1,,100,,,459247.96,104334.87,2007,61
-23177,1738,DRAVLJE,LJUBLJANA,1462/13,10,,,1/1,,199,,,459239.04,104328.28,2007,61
-23176,1773,DOBRUNJE,LJUBLJANA,706/5,10,,,2593/3078,,3078,,,,,2007,61
-23176,1773,DOBRUNJE,LJUBLJANA,1837/3,10,,,1/1,,560,,,,,2007,61
-23138,2636,BEŽIGRAD,LJUBLJANA,67/5,10,,,1/1,,42,,,461780.09,103875.13,2007,61
-23134,2636,BEŽIGRAD,LJUBLJANA,67/4,3,,,5/10,,180,,,461781.2,103890.6,2007,61
-23134,2636,BEŽIGRAD,LJUBLJANA,67/3,3,,,3/10,,281,,,461793.77,103873.95,2007,61
-23130,1739,ZGORNJA ŠIŠKA,LJUBLJANA,1991/149,10,,,1/6,,16,,,461067.48,104356.13,2007,61
-23130,1739,ZGORNJA ŠIŠKA,LJUBLJANA,1991/153,10,,,1/2,,46,,,461057.22,104358.21,2007,61
-23128,1739,ZGORNJA ŠIŠKA,LJUBLJANA,1991/149,3,,,1/6,,16,,,461067.48,104356.13,2007,61
-23128,1739,ZGORNJA ŠIŠKA,LJUBLJANA,1991/153,3,,,1/2,,46,,,461057.22,104358.21,2007,61
-23127,1739,ZGORNJA ŠIŠKA,LJUBLJANA,1991/154,10,,,1/2,,46,,,461065.99,104353.41,2007,61
-23127,1739,ZGORNJA ŠIŠKA,LJUBLJANA,1991/149,10,,,1/6,,16,,,461067.48,104356.13,2007,61
-23127,1739,ZGORNJA ŠIŠKA,LJUBLJANA,1991/139,10,,,1/1,,30,,,461078.19,104375.7,2007,61
-23127,1739,ZGORNJA ŠIŠKA,LJUBLJANA,1991/149,10,,,1/6,,16,,,461067.48,104356.13,2007,61
-23126,2636,BEŽIGRAD,LJUBLJANA,2192/4,3,,,1/1,,1141,,,461529.77,102541.6,2007,61
-23126,2636,BEŽIGRAD,LJUBLJANA,2192/11,3,,,1/1,,141,,,461493.59,102409.75,2007,61
-23126,2636,BEŽIGRAD,LJUBLJANA,2192/12,3,,,1/1,,104,,,461487.77,102393.5,2007,61
-23126,2636,BEŽIGRAD,LJUBLJANA,2192/18,3,,,1/1,,54,,,461502,102355.63,2007,61
-23126,2636,BEŽIGRAD,LJUBLJANA,2192/14,3,,,1/1,,43,,,461501.39,102388.67,2007,61
-23126,2636,BEŽIGRAD,LJUBLJANA,2192/16,3,,,1/1,,150,,,461493.67,102365.03,2007,61
-23126,2636,BEŽIGRAD,LJUBLJANA,2192/16,3,,,1/1,,150,,,461493.67,102365.03,2007,61
-23126,2636,BEŽIGRAD,LJUBLJANA,2192/13,3,,,1/1,,7,,,461498.16,102388.47,2007,61
-23125,2636,BEŽIGRAD,LJUBLJANA,1763/91,3,,,1/1,,3397,,,462548.72,102599.02,2007,61
-23119,1756,ČRNUČE,LJUBLJANA,530/39,3,,,1/1,,27,,,463750.62,107893.76,2007,61
-23119,1756,ČRNUČE,LJUBLJANA,530/10,3,,,1/1,,555,,,463760.57,107897.69,2007,61
-23117,1771,ZADOBROVA,LJUBLJANA,533/7,3,,,1/1,,199,,,,,2007,61
-23117,1771,ZADOBROVA,LJUBLJANA,533/5,3,,,1/1,,223,,,467896.85,102742.28,2007,61
-23111,1723,VIČ,LJUBLJANA,1251/45,10,,,1/1,,8,,,458948.15,100778.51,2007,61
-23101,1730,MOSTE,LJUBLJANA,222/2,3,,,216/100000,,147,,,464342.13,103216.27,2007,61
-23101,1730,MOSTE,LJUBLJANA,222/3,3,,,216/100000,,98,,,464312.79,103203.98,2007,61
-23101,1730,MOSTE,LJUBLJANA,222/4,3,,,216/100000,,32,,,464296.38,103198,2007,61
-23101,1730,MOSTE,LJUBLJANA,230,3,,,216/100000,,2457,,,464315.2,103248.67,2007,61
-23101,1730,MOSTE,LJUBLJANA,222/1,3,,,216/100000,,5723,,,464316,103184.1,2007,61
-23101,1730,MOSTE,LJUBLJANA,222/5,3,,,216/100000,,31,,,464293.65,103205.05,2007,61
-23099,1741,VODICE,LJUBLJANA,1270/25,3,,,1/1,,543,,,460398.14,116401.11,2007,61
-23097,1741,VODICE,LJUBLJANA,1270/23,3,,,1/1,,544,,,460371.55,116416.62,2007,61
-23092,1724,BREZOVICA,LJUBLJANA,2936/14,3,,,1/1,,81,,,453015.35,95706.05,2007,61
-23092,1724,BREZOVICA,LJUBLJANA,2936/2,3,,,1/1,,575,,,453003.69,95712.31,2007,61
-23087,1741,VODICE,LJUBLJANA,1270/30,3,,,1/1,,372,,,460412.86,116457.49,2007,61
-23087,1741,VODICE,LJUBLJANA,1267/10,3,,,1/1,,170,,,460413.31,116467.79,2007,61
-23084,1738,DRAVLJE,LJUBLJANA,379/4,3,,,1/1,,231,,,459772.51,104986.3,2007,61
-23084,1738,DRAVLJE,LJUBLJANA,379/3,3,,,1/1,,543,,,459777.44,104977,2007,61
-23081,1723,VIČ,LJUBLJANA,838/1,3,,,1/1,,577,,,459835.37,100357.7,2007,61
-23078,1733,BIZOVIK,LJUBLJANA,513/23,3,,,1/1,,11,,,466722.42,99506,2007,61
-23078,1733,BIZOVIK,LJUBLJANA,513/6,3,,,1/1,,212,,,466661.62,99516.21,2007,61
-23078,1733,BIZOVIK,LJUBLJANA,513/1,3,,,1/24,,858,,,,,2007,61
-23073,1712,ZAPOTOK,LJUBLJANA,1032/24,3,,,1/1,,94,,,467084.47,82951.67,2007,61
-23067,1697,LANIŠČE,LJUBLJANA,422/3,3,,,1/1,,996,,,,,2007,61
-23065,1751,TACEN,LJUBLJANA,158/9,3,,,1/1,,295,,,458321.65,108894.87,2007,61
-23065,1751,TACEN,LJUBLJANA,158/8,3,,,1/1,,719,,,458329.66,108932.39,2007,61
-23063,1732,ŠTEPANJA VAS,LJUBLJANA,286,3,,,1/1,,2510,,,465077.91,101152.92,2007,61
-23049,1741,VODICE,LJUBLJANA,1270/34,3,,,1/1,,541,,,460446.67,116452.39,2007,61
-23047,1741,VODICE,LJUBLJANA,1270/17,3,,,1/1,,564,,,460336.75,116440.41,2007,61
-23047,1741,VODICE,LJUBLJANA,1266/4,3,,,1/1,,22,,,460327.34,116434.11,2007,61
-23042,1741,VODICE,LJUBLJANA,1266/2,3,,,1/1,,209,,,460344.43,116382.33,2007,61
-23042,1741,VODICE,LJUBLJANA,1270/19,3,,,1/1,,573,,,460352.67,116386.11,2007,61
-23041,1741,VODICE,LJUBLJANA,1270/21,3,,,1/1,,190,,,460361.24,116456.08,2007,61
-23041,1741,VODICE,LJUBLJANA,1267/6,3,,,1/1,,351,,,460357.81,116475.89,2007,61
-23034,1727,POLJANSKO PREDMESTJE,LJUBLJANA,227,3,,,6/80,,151,,,462227.49,101331.6,2007,61
-23034,1727,POLJANSKO PREDMESTJE,LJUBLJANA,228,3,,,13/128,,143,,,462208.85,101334.41,2007,61
-23031,1709,ŽELIMLJE,LJUBLJANA,191/5,3,,,1/2,,996,,,467111.81,85993.33,2007,61
-23029,1709,ŽELIMLJE,LJUBLJANA,157/5,3,,,1/10,,878,,,467137.33,86490.9,2007,61
-23029,1709,ŽELIMLJE,LJUBLJANA,157/6,3,,,1/10,,225,,,467172.8,86489.77,2007,61
-23022,2636,BEŽIGRAD,LJUBLJANA,2196/6,3,,,1/4,,58,,,461577.46,102374.18,2007,61
-23022,2636,BEŽIGRAD,LJUBLJANA,2196/8,3,,,1/4,,13,,,461546.5,102299.47,2007,61
-23022,2636,BEŽIGRAD,LJUBLJANA,2196/10,3,,,1/4,,13,,,461552.06,102298.77,2007,61
-23022,2636,BEŽIGRAD,LJUBLJANA,2196/11,3,,,1/4,,335,,,461572.44,102419.19,2007,61
-23022,2636,BEŽIGRAD,LJUBLJANA,2196/1,3,,,1/4,,4008,,,461554.43,102413.27,2007,61
-23022,2636,BEŽIGRAD,LJUBLJANA,2191/3,3,,,1/4,,983,,,461559.28,102392.67,2007,61
-23022,2636,BEŽIGRAD,LJUBLJANA,2196/5,3,,,1/4,,490,,,461546.02,102339.47,2007,61
-23022,2636,BEŽIGRAD,LJUBLJANA,2196/9,3,,,1/4,,13,,,461549.28,102299.12,2007,61
-23022,2636,BEŽIGRAD,LJUBLJANA,2196/15,3,,,1/4,,3,,,461599.26,102468.11,2007,61
-23022,2636,BEŽIGRAD,LJUBLJANA,2196/17,3,,,1/4,,3,,,461597.84,102461.26,2007,61
-23020,2636,BEŽIGRAD,LJUBLJANA,2196/5,3,,,1/2,,490,,,461546.02,102339.47,2007,61
-23020,2636,BEŽIGRAD,LJUBLJANA,2196/6,3,,,1/2,,58,,,461577.46,102374.18,2007,61
-23020,2636,BEŽIGRAD,LJUBLJANA,2196/9,3,,,1/2,,13,,,461549.28,102299.12,2007,61
-23020,2636,BEŽIGRAD,LJUBLJANA,2196/11,3,,,1/2,,335,,,461572.44,102419.19,2007,61
-23020,2636,BEŽIGRAD,LJUBLJANA,2196/17,3,,,1/2,,3,,,461597.84,102461.26,2007,61
-23020,2636,BEŽIGRAD,LJUBLJANA,2191/3,3,,,1/2,,983,,,461559.28,102392.67,2007,61
-23020,2636,BEŽIGRAD,LJUBLJANA,2196/1,3,,,1/2,,4008,,,461554.43,102413.27,2007,61
-23020,2636,BEŽIGRAD,LJUBLJANA,2196/8,3,,,1/2,,13,,,461546.5,102299.47,2007,61
-23020,2636,BEŽIGRAD,LJUBLJANA,2196/10,3,,,1/2,,13,,,461552.06,102298.77,2007,61
-23020,2636,BEŽIGRAD,LJUBLJANA,2196/15,3,,,1/2,,3,,,461599.26,102468.11,2007,61
-23014,1756,ČRNUČE,LJUBLJANA,597/17,3,,,5781/10000,,407,,,464209.57,107324.39,2007,61
-23014,1756,ČRNUČE,LJUBLJANA,597/22,3,,,5781/10000,,69,,,464207.76,107336.94,2007,61
-23014,1756,ČRNUČE,LJUBLJANA,595/1,3,,,574/10000,,280,,,464198.57,107332.39,2007,61
-23009,1722,TRNOVSKO PREDMESTJE,LJUBLJANA,894/196,10,,,1/4,,15,,,461422.92,99265,2007,61
-23009,1722,TRNOVSKO PREDMESTJE,LJUBLJANA,894/192,10,,,162/728,,604,,,461427.83,99271.51,2007,61
-23009,1722,TRNOVSKO PREDMESTJE,LJUBLJANA,894/194,10,,,162/728,,134,,,461436.55,99271.58,2007,61
-22999,1738,DRAVLJE,LJUBLJANA,369/1,3,,,23/100,,395,,,459804.6,104937.44,2007,61
-22999,1738,DRAVLJE,LJUBLJANA,369/5,3,,,23/100,,303,,,459795.47,104928.45,2007,61
-22998,1738,DRAVLJE,LJUBLJANA,369/5,3,,,54/100,,303,,,459795.47,104928.45,2007,61
-22998,1738,DRAVLJE,LJUBLJANA,369/1,3,,,54/100,,395,,,459804.6,104937.44,2007,61
-22835,1735,STOŽICE,LJUBLJANA,884,5,,,1/1,,146,,,,,2007,61
-22835,1735,STOŽICE,LJUBLJANA,884,5,,,1/1,,83,,,,,2007,61
-22835,1735,STOŽICE,LJUBLJANA,884,5,,,1/1,,37,,,,,2007,61
-22835,1735,STOŽICE,LJUBLJANA,885,5,,,1/1,,324,,,,,2007,61
-22701,1756,ČRNUČE,LJUBLJANA,634/34,5,,,1/1,,167,,,,,2007,61
-22692,1756,ČRNUČE,LJUBLJANA,883/1,3,,,1/1,,44,,,464526.81,106700.23,2007,61
-22599,1738,DRAVLJE,LJUBLJANA,1412/6,5,,,1/1,,51,,,,,2007,61
-22599,1738,DRAVLJE,LJUBLJANA,1415/22,5,,,1/1,,303,,,,,2007,61
-22599,1738,DRAVLJE,LJUBLJANA,1675/3,5,,,NP,,232,,,,,2007,61
-22493,2636,BEŽIGRAD,LJUBLJANA,362,3,,,1/1,,325,,,461889.22,103665.77,2007,61
-22479,1735,STOŽICE,LJUBLJANA,2389/8,3,,,1/1,,2455,,,464358.39,104702.65,2007,61
-22479,1735,STOŽICE,LJUBLJANA,2389/1,3,,,1/1,,4659,,,464363.69,104744.29,2007,61
-22479,1735,STOŽICE,LJUBLJANA,2240/11,3,,,1/1,,88,,,464419.92,104728.44,2007,61
-22479,1735,STOŽICE,LJUBLJANA,2237/7,3,,,1/1,,570,,,464415.5,104710.86,2007,61
-22189,1738,DRAVLJE,LJUBLJANA,1732/12,5,,,1/2,,403,,,,,2007,61
-22116,1730,MOSTE,LJUBLJANA,127/346,10,,,1/1,,11,,,465989.78,102672.13,2007,61
-22099,1756,ČRNUČE,LJUBLJANA,974/418,5,,,1/1,,123,,,,,2007,61
-22057,1723,VIČ,LJUBLJANA,1149/24,5,,,1/1,,16,,,,,2007,61
-21827,1727,POLJANSKO PREDMESTJE,LJUBLJANA,159/13,10,,,1/1,,14,,,463136.87,101056.11,2007,61
-21827,1727,POLJANSKO PREDMESTJE,LJUBLJANA,159/23,10,,,11/100,,2,,,463157.05,101043.42,2007,61
-21813,1739,ZGORNJA ŠIŠKA,LJUBLJANA,1936/1,5,,,1/1,,83,,,,,2007,61
-21804,1772,SLAPE,LJUBLJANA,971/12,3,,,1/1,,205,,,467169.97,101802.1,2007,61
-21804,1772,SLAPE,LJUBLJANA,971/12,5,,,NP,,205,,,,,2007,61
-21658,1770,KAŠELJ,LJUBLJANA,2250/103,3,,,1412/10000,,157,,,468584.66,101135.08,2007,61
-21658,1770,KAŠELJ,LJUBLJANA,2265,5,,,1412/10000,,133,,,,,2007,61
-21590,1770,KAŠELJ,LJUBLJANA,87/2,5,,,1/2,,132,,,,,2007,61
-21571,1771,ZADOBROVA,LJUBLJANA,456/2,5,,,1/2,,445,,,,,2007,61
-21566,1756,ČRNUČE,LJUBLJANA,58/5,10,,,1/1,,125,,,463716.88,106981.22,2007,61
-21517,1741,VODICE,LJUBLJANA,898,5,,,1/1,,1574,,,,,2007,61
-21489,1772,SLAPE,LJUBLJANA,297/9,5,,,1/1,,874,,,,,2007,61
-21398,1723,VIČ,LJUBLJANA,2147/44,3,,,1/1,,12,,,458618.56,98809.27,2007,61
-21371,1736,BRINJE I,LJUBLJANA,327/2,3,,,1/1,,271,,,462357.48,104618.61,2007,61
-21371,1736,BRINJE I,LJUBLJANA,328/3,3,,,1/2,,102,,,462354.32,104600.62,2007,61
-21371,1736,BRINJE I,LJUBLJANA,326,3,,,1/2,,277,,,462332.7,104617.75,2007,61
-21371,1736,BRINJE I,LJUBLJANA,327/1,3,,,1/1,,260,,,,,2007,61
-21371,1736,BRINJE I,LJUBLJANA,328/4,3,,,1/2,,166,,,462336.04,104606.67,2007,61
-21371,1736,BRINJE I,LJUBLJANA,326,5,,,1/2,,37,,,,,2007,61
-21348,1695,KARLOVŠKO PREDMESTJE,LJUBLJANA,408/3,5,,,1/2,,494,,,,,2007,61
-21190,1770,KAŠELJ,LJUBLJANA,96/10,5,,,1/1,,161,,,,,2007,61
-21176,1723,VIČ,LJUBLJANA,1272/16,10,,,1/1,,65,,,458796.96,100684.67,2007,61
-21174,1723,VIČ,LJUBLJANA,157/1,5,,,1/1,,369,,,,,2007,61
-21049,1696,RUDNIK,LJUBLJANA,2408/10,3,,,1/1,,717,,,464172.76,98694.36,2007,61
-20972,1756,ČRNUČE,LJUBLJANA,634/17,5,,,1/1,,520,,,,,2007,61
-20968,2636,BEŽIGRAD,LJUBLJANA,1409/37,10,,,1/1,,50,,,463256,102889.97,2007,61
-20477,1756,ČRNUČE,LJUBLJANA,881/1,3,,,1/1,,142,,,464455.98,106823.62,2007,61
-20477,1756,ČRNUČE,LJUBLJANA,881/10,3,,,1/1,,5,,,464455.04,106809.19,2007,61
-20477,1756,ČRNUČE,LJUBLJANA,881/9,3,,,1/1,,85,,,464461.35,106823.48,2007,61
-20477,1756,ČRNUČE,LJUBLJANA,881/8,3,,,1/1,,28,,,464466.83,106840.14,2007,61
-20474,1756,ČRNUČE,LJUBLJANA,1086,3,,,1/30,,1312,,,465014.72,106765.99,2007,61
-20456,1731,UDMAT,LJUBLJANA,864,3,,,1/1,,188,,,463391.36,101048.21,2007,61
-20347,1695,KARLOVŠKO PREDMESTJE,LJUBLJANA,406/30,10,,,1/1,,71,,,462495.17,99385.71,2007,61
-20337,1739,ZGORNJA ŠIŠKA,LJUBLJANA,1991/139,3,,,1/1,,30,,,461078.19,104375.7,2007,61
-20337,1739,ZGORNJA ŠIŠKA,LJUBLJANA,1991/149,3,,,1/6,,16,,,461067.48,104356.13,2007,61
-20337,1739,ZGORNJA ŠIŠKA,LJUBLJANA,1991/154,3,,,1/2,,46,,,461065.99,104353.41,2007,61
-20335,1771,ZADOBROVA,LJUBLJANA,840/2,5,,,1/1,,330,,,,,2007,61
-20335,1771,ZADOBROVA,LJUBLJANA,840/3,5,,,1/1,,301,,,,,2007,61
-20335,1771,ZADOBROVA,LJUBLJANA,841/2,5,,,1/1,,165,,,,,2007,61
-19639,1778,VOLAVLJE,LJUBLJANA,1468/3,3,,,1/1,,103,,,478469.46,98017.74,2007,61
-19639,1778,VOLAVLJE,LJUBLJANA,1468/2,5,,,1/1,,418,,,,,2007,61
-19547,1723,VIČ,LJUBLJANA,1804/1,5,,,45/200,,114,,,,,2007,61
-19409,1770,KAŠELJ,LJUBLJANA,2188/14,5,,,1/1,,112,,,,,2007,61
-19409,1770,KAŠELJ,LJUBLJANA,2188/14,5,,,1/1,,500,,,,,2007,61
-19351,1696,RUDNIK,LJUBLJANA,2243/2,10,,,1/1,,171,,,465950.41,95164.1,2007,61
-19349,1696,RUDNIK,LJUBLJANA,2242/2,10,,,1/1,,247,,,465939.58,95177.57,2007,61
-19259,2636,BEŽIGRAD,LJUBLJANA,882,3,,,1625/10000,,461,,,461743.42,103131.56,2007,61
-19198,1737,TABOR,LJUBLJANA,3141,10,,,1/1,,625,,,462728.12,101962.6,2007,61
-19198,1737,TABOR,LJUBLJANA,3144,10,,,1/1,,101,,,462725.79,101951.33,2007,61
-19198,1737,TABOR,LJUBLJANA,3143,10,,,1/1,,41,,,462732.87,101948.07,2007,61
-19198,1737,TABOR,LJUBLJANA,3142,10,,,1/1,,18,,,462715.77,101952.06,2007,61
-19096,1723,VIČ,LJUBLJANA,1149/185,10,,,1/1,,91,,,459356.68,100865.41,2007,61
-19096,1723,VIČ,LJUBLJANA,1149/181,5,,,1/1,,16,,,,,2007,61
-19096,1723,VIČ,LJUBLJANA,1149/185,5,,,1/1,,69,,,,,2007,61
-19091,1723,VIČ,LJUBLJANA,873/2,7,,,1/1,,386,,,,,2007,61
-19091,1723,VIČ,LJUBLJANA,872,7,,,1/1,,1149,,,,,2007,61
-19091,1723,VIČ,LJUBLJANA,873/3,5,,,1/1,,218,,,,,2007,61
-19091,1723,VIČ,LJUBLJANA,873/5,5,,,1/1,,59,,,,,2007,61
-19091,1723,VIČ,LJUBLJANA,873/6,5,,,1/1,,21,,,,,2007,61
-19091,1723,VIČ,LJUBLJANA,871,5,,,1/1,,541,,,,,2007,61
-19091,1723,VIČ,LJUBLJANA,873/4,5,,,1/1,,326,,,,,2007,61
-19091,1723,VIČ,LJUBLJANA,873/1,5,,,1/1,,72,,,,,2007,61
-19008,1751,TACEN,LJUBLJANA,394/6,3,,,1/1,,47,,,458334.55,109094.35,2007,61
-19008,1751,TACEN,LJUBLJANA,394/1,5,,,1/1,,759,,,,,2007,61
-19003,2636,BEŽIGRAD,LJUBLJANA,1622/8,5,,,1/1,,12,,,,,2007,61
-18998,1723,VIČ,LJUBLJANA,2147/44,3,,,1/1,,12,,,458618.56,98809.27,2007,61
-18899,1730,MOSTE,LJUBLJANA,1479,5,,,1/1,,75,,,,,2007,61
-18788,1723,VIČ,LJUBLJANA,2147/26,10,,,1/1,,12,,,458627.04,98849.21,2007,61
-18788,1723,VIČ,LJUBLJANA,2147/87,10,,,1/1,,13,,,458614.11,98824.54,2007,61
-18722,1728,LJUBLJANA MESTO,LJUBLJANA,72,7,,,1/1,,408,,,462022.8,100889.74,2007,61
-18701,1728,LJUBLJANA MESTO,LJUBLJANA,73,7,,,1/1,,452,,,462011.16,100906.02,2007,61
-18701,1728,LJUBLJANA MESTO,LJUBLJANA,53.S,5,,,1/1,,281,,,,,2007,61
-18687,2636,BEŽIGRAD,LJUBLJANA,1323/2,3,,,1/1,,4191,,,463163.86,103361.22,2007,61
-18687,2636,BEŽIGRAD,LJUBLJANA,1323/3,3,,,1/1,,301,,,463211.91,103386.16,2007,61
-18642,1723,VIČ,LJUBLJANA,784/4,3,,,NP,,0,,,460112.26,100543.36,2007,61
-18642,1723,VIČ,LJUBLJANA,784/6,3,,,NP,,0,,,460106.47,100540.23,2007,61
-18487,1730,MOSTE,LJUBLJANA,479/24,3,,,1/1,,48,,,464332.57,102476.31,2007,61
-18487,1730,MOSTE,LJUBLJANA,479/23,3,,,1/1,,539,,,464318.77,102472.56,2007,61
-18487,1730,MOSTE,LJUBLJANA,474/20,3,,,1/1,,337,,,464259.74,102416.47,2007,61
-18487,1730,MOSTE,LJUBLJANA,476/7,3,,,1/1,,1241,,,464290.6,102557.39,2007,61
-18487,1730,MOSTE,LJUBLJANA,476/9,3,,,1/1,,3161,,,464292.88,102464.43,2007,61
-18487,1730,MOSTE,LJUBLJANA,474/23,3,,,1/1,,67,,,464288.52,102425.12,2007,61
-18485,1731,UDMAT,LJUBLJANA,756,5,,,1/1,,683,,,,,2007,61
-18478,1752,STANEŽIČE,LJUBLJANA,147/3,5,,,1/1,,507,,,,,2007,61
-18430,1755,GLINCE,LJUBLJANA,597/10,5,,,1/1,,480,,,,,2007,61
-18188,1723,VIČ,LJUBLJANA,1264/3,5,,,1/1,,106,,,,,2007,61
-18188,1723,VIČ,LJUBLJANA,1264/4,5,,,1/1,,73,,,,,2007,61
-18188,1723,VIČ,LJUBLJANA,1264/19,5,,,1/1,,35,,,,,2007,61
-18111,1738,DRAVLJE,LJUBLJANA,1194/2,5,,,NP,,0,,,,,2007,61
-18093,1775,SOSTRO,LJUBLJANA,388/4,5,,,5/36,,829,,,,,2007,61
-18089,1722,TRNOVSKO PREDMESTJE,LJUBLJANA,1689/813,3,,,1/1,,294,,,461591.65,96869.75,2007,61
-18089,1722,TRNOVSKO PREDMESTJE,LJUBLJANA,1689/816,3,,,1/4,,15,,,461560.44,96903.07,2007,61
-18089,1722,TRNOVSKO PREDMESTJE,LJUBLJANA,1689/817,3,,,1/4,,344,,,,,2007,61
-18079,1994,DOBROVA,LJUBLJANA,2705/1,7,,,1/1,,861,,,456379.41,98751.43,2007,61
-18079,1994,DOBROVA,LJUBLJANA,2705/7,7,,,1/1,,862,,,456342.42,98832.57,2007,61
-18079,1994,DOBROVA,LJUBLJANA,2705/6,7,,,1/1,,861,,,456361.03,98791.37,2007,61
-17869,1723,VIČ,LJUBLJANA,594/6,10,,,1/1,,51,,,459931.66,100832.11,2007,61
-17758,1749,GAMELJNE,LJUBLJANA,667/20,5,,,1/1,,19,,,,,2007,61
-17758,1749,GAMELJNE,LJUBLJANA,667/8,5,,,1/1,,188,,,,,2007,61
-17754,1756,ČRNUČE,LJUBLJANA,567/4,10,,,1/1,,1286,,,463921.44,107618.03,2007,61
-17745,1756,ČRNUČE,LJUBLJANA,567/6,7,,,1/1,,26276,,,464006.29,107642.7,2007,61
-17745,1756,ČRNUČE,LJUBLJANA,567/1,7,,,1/1,,6393,,,464029.93,107697.3,2007,61
-17673,1725,AJDOVŠČINA,LJUBLJANA,2526,5,,,399/10000,,273,,,,,2007,61
-17672,1722,TRNOVSKO PREDMESTJE,LJUBLJANA,897/19,3,,,1/1,,818,,,461510.9,99399.42,2007,61
-17652,1756,ČRNUČE,LJUBLJANA,880/2,3,,,1/1,,868,,,464515.06,106933.54,2007,61
-17652,1756,ČRNUČE,LJUBLJANA,881/2,3,,,1/1,,376,,,464433.8,106913.46,2007,61
-17652,1756,ČRNUČE,LJUBLJANA,882/1,3,,,1/1,,2922,,,464440.26,106876.83,2007,61
-17652,1756,ČRNUČE,LJUBLJANA,880/7,3,,,1/1,,88,,,464480.36,106893.97,2007,61
-17641,2636,BEŽIGRAD,LJUBLJANA,1054/16,10,,,1/1,,15,,,462620.12,103385.68,2007,61
-17616,2636,BEŽIGRAD,LJUBLJANA,471,5,,,1/1,,194,,,,,2007,61
-17457,1739,ZGORNJA ŠIŠKA,LJUBLJANA,519/2,5,,,1/1,,82,,,,,2007,61
-17456,1739,ZGORNJA ŠIŠKA,LJUBLJANA,1930/2,5,,,1/1,,68,,,,,2007,61
-17455,1723,VIČ,LJUBLJANA,594/2,10,,,1/1,,217,,,459918.43,100841.23,2007,61
-17455,1723,VIČ,LJUBLJANA,594,5,,,1/1,,94,,,,,2007,61
-17452,2636,BEŽIGRAD,LJUBLJANA,1057/57,5,,,1/1,,252,,,,,2007,61
-17451,1738,DRAVLJE,LJUBLJANA,191/3,5,,,1/1,,157,,,,,2007,61
-17185,1722,TRNOVSKO PREDMESTJE,LJUBLJANA,284/25,10,,,1/6,,358,,,,,2007,61
-17185,1722,TRNOVSKO PREDMESTJE,LJUBLJANA,284/45,5,,,1/6,,120,,,,,2007,61
-17118,1994,DOBROVA,LJUBLJANA,1871/2,3,,,1/1,,494,,,457609.73,100674.59,2007,61
-17118,1994,DOBROVA,LJUBLJANA,1871/2,5,,,1/1,,494,,,,,2007,61
-17116,1723,VIČ,LJUBLJANA,1253/7,3,,,1/1,,79,,,459064.79,100744.47,2007,61
-17109,1730,MOSTE,LJUBLJANA,188/4,3,,,411/10000,,278,,,464647.78,102657.06,2007,61
-17109,1730,MOSTE,LJUBLJANA,189/1,3,,,411/10000,,3509,,,,,2007,61
-17108,1730,MOSTE,LJUBLJANA,189/1,3,,,469/10000,,3509,,,,,2007,61
-17108,1730,MOSTE,LJUBLJANA,188/4,3,,,469/10000,,278,,,464647.78,102657.06,2007,61
-17033,1756,ČRNUČE,LJUBLJANA,279/1,5,,,1/1,,0,,,,,2007,61
-16943,1749,GAMELJNE,LJUBLJANA,942/2,5,,,1/1,,357,,,,,2007,61
-16942,1752,STANEŽIČE,LJUBLJANA,298/5,3,,,1/1,,843,,,,,2007,61
-16942,1752,STANEŽIČE,LJUBLJANA,298/1,5,,,1/1,,970,,,,,2007,61
-16942,1752,STANEŽIČE,LJUBLJANA,298/4,5,,,1/1,,739,,,,,2007,61
-16908,2679,GRADIŠČE II,LJUBLJANA,185/16,5,,,1/1,,25,,,,,2007,61
-16907,2636,BEŽIGRAD,LJUBLJANA,1763/9,5,,,1/1,,66,,,,,2007,61
-16906,2636,BEŽIGRAD,LJUBLJANA,1612,5,,,1/1,,13,,,,,2007,61
-16897,1736,BRINJE I,LJUBLJANA,840/143,5,,,1/1,,68,,,,,2007,61
-16895,1738,DRAVLJE,LJUBLJANA,101/3,5,,,1/1,,64,,,,,2007,61
-16895,1738,DRAVLJE,LJUBLJANA,102/28,5,,,1/1,,64,,,,,2007,61
-16893,1754,ŠENTVID NAD LJUBLJANO,LJUBLJANA,907/5,5,,,1/1,,60,,,,,2007,61
-16893,1754,ŠENTVID NAD LJUBLJANO,LJUBLJANA,907/5,5,,,1/1,,60,,,,,2007,61
-16892,1723,VIČ,LJUBLJANA,2352,5,,,1/1,,31,,,,,2007,61
-16891,1722,TRNOVSKO PREDMESTJE,LJUBLJANA,377/7,5,,,1/1,,65,,,,,2007,61
-16755,2677,PRULE,LJUBLJANA,23/69,5,,,12/60,,228,,,,,2007,61
-16755,2677,PRULE,LJUBLJANA,23/20,5,,,12/60,,20,,,,,2007,61
-16755,2677,PRULE,LJUBLJANA,23/45,5,,,12/60,,42,,,,,2007,61
-16755,2677,PRULE,LJUBLJANA,23/46,5,,,12/60,,21,,,,,2007,61
-16755,2677,PRULE,LJUBLJANA,23/47,5,,,12/60,,21,,,,,2007,61
-16736,1994,DOBROVA,LJUBLJANA,2080/3,5,,,1/1,,500,,,,,2007,61
-16714,1710,GRADIŠČE,LJUBLJANA,419/11,3,,,1/1,,138,,,468072.64,86535.53,2007,61
-16700,2636,BEŽIGRAD,LJUBLJANA,1257/18,5,,,1/34,,2397,,,,,2007,61
-16700,2636,BEŽIGRAD,LJUBLJANA,1294/6,5,,,1/34,,1455,,,,,2007,61
-16693,1752,STANEŽIČE,LJUBLJANA,176/2,5,,,1/1,,153,,,,,2007,61
-16693,1752,STANEŽIČE,LJUBLJANA,176/3,5,,,1/1,,811,,,,,2007,61
-16672,2636,BEŽIGRAD,LJUBLJANA,1796/133,5,,,1/1,,59,,,,,2007,61
-16672,2636,BEŽIGRAD,LJUBLJANA,1796/30,5,,,1/6,,200,,,,,2007,61
-16672,2636,BEŽIGRAD,LJUBLJANA,1796/135,5,,,1/6,,9,,,,,2007,61
-16598,1751,TACEN,LJUBLJANA,400/1,7,,,1/1,,2270,,,458560.21,109181.59,2007,61
-16597,1751,TACEN,LJUBLJANA,400/2,7,,,1/1,,2270,,,458551.09,109226.74,2007,61
-16284,1753,VIŽMARJE,LJUBLJANA,1518/2,10,,,1/1,,534,,,458425.06,106811.42,2007,61
-16239,1770,KAŠELJ,LJUBLJANA,1348,5,,,1/1,,263,,,,,2007,61
-16239,1770,KAŠELJ,LJUBLJANA,1349,5,,,1/1,,100,,,,,2007,61
-16195,1723,VIČ,LJUBLJANA,2147/44,10,,,1/1,,12,,,458618.56,98809.27,2007,61
-16065,1739,ZGORNJA ŠIŠKA,LJUBLJANA,382/3,10,,,1/1,,20,,,458938.53,103681.86,2007,61
-16059,1723,VIČ,LJUBLJANA,2057/36,10,,,NP,,24,,,458073.52,99201.61,2007,61
-15975,1723,VIČ,LJUBLJANA,2099/3,5,,,1/1,,780,,,,,2007,61
-15974,1729,ŠMARTNO OB SAVI,LJUBLJANA,81/1,3,,,463/1000,,45,,,465860.1,104095.75,2007,61
-15959,1738,DRAVLJE,LJUBLJANA,185/13,5,,,1/1,,136,,,,,2007,61
-15848,1722,TRNOVSKO PREDMESTJE,LJUBLJANA,250/589,3,,,1/1,,864,,,461694.6,99844.68,2007,61
-15836,1722,TRNOVSKO PREDMESTJE,LJUBLJANA,250/589,3,,,1/1,,864,,,461694.6,99844.68,2007,61
-15805,1737,TABOR,LJUBLJANA,3067,3,,,1/1,,17,,,462262.37,101700.45,2007,61
-15778,1737,TABOR,LJUBLJANA,2624,10,,,1/11,,98,,,461872.77,101556.03,2007,61
-15778,1737,TABOR,LJUBLJANA,2627,10,,,1/11,,29,,,461876.99,101560.5,2007,61
-15778,1737,TABOR,LJUBLJANA,2623,10,,,1/11,,155,,,461855.31,101567.59,2007,61
-15778,1737,TABOR,LJUBLJANA,2626,10,,,1/11,,11,,,461847.65,101567.92,2007,61
-15773,1756,ČRNUČE,LJUBLJANA,493/29,10,,,1/1,,19,,,463706.62,108104.32,2007,61
-15766,1754,ŠENTVID NAD LJUBLJANO,LJUBLJANA,1247/19,10,,,1/1,,100,,,458818.55,105619.15,2007,61
-15766,1754,ŠENTVID NAD LJUBLJANO,LJUBLJANA,1247/13,10,,,1/1,,5,,,458838.98,105612.73,2007,61
-15506,1723,VIČ,LJUBLJANA,1850/1,3,,,1/1,,3158,,,460266.51,100253.04,2007,61
-15506,1723,VIČ,LJUBLJANA,1850/5,3,,,1/1,,3888,,,460303.32,100257.97,2007,61
-15506,1723,VIČ,LJUBLJANA,1850/11,3,,,1/1,,79,,,460295.47,100305.77,2007,61
-15506,1723,VIČ,LJUBLJANA,1850/14,3,,,1/1,,76,,,460238.44,100309.76,2007,61
-15506,1723,VIČ,LJUBLJANA,1850/16,3,,,1/1,,538,,,460293.71,100308.15,2007,61
-15506,1723,VIČ,LJUBLJANA,1850/8,3,,,1/1,,496,,,460287.82,100196.07,2007,61
-15503,1731,UDMAT,LJUBLJANA,790/4,3,,,1/1,,110,,,464001.22,101277.38,2007,61
-15500,1730,MOSTE,LJUBLJANA,189/1,3,,,275/10000,,3509,,,,,2007,61
-15500,1730,MOSTE,LJUBLJANA,188/4,3,,,275/10000,,278,,,464647.78,102657.06,2007,61
-15499,1730,MOSTE,LJUBLJANA,189/1,3,,,337/10000,,3509,,,,,2007,61
-15499,1730,MOSTE,LJUBLJANA,188/4,3,,,337/10000,,278,,,464647.78,102657.06,2007,61
-15378,1776,LIPOGLAV,LJUBLJANA,1068/4,5,,,1/1,,777,,,,,2007,61
-15343,1733,BIZOVIK,LJUBLJANA,513/1,10,,,1/12,,858,,,,,2007,61
-15343,1733,BIZOVIK,LJUBLJANA,513/23,10,,,1/12,,11,,,466722.42,99506,2007,61
-15343,1733,BIZOVIK,LJUBLJANA,513/6,5,,,1/1,,212,,,,,2007,61
-15294,1695,KARLOVŠKO PREDMESTJE,LJUBLJANA,406/32,10,,,1/1,,68,,,462464.2,99407.75,2007,61
-15216,1756,ČRNUČE,LJUBLJANA,1086,3,,,1/15,,1312,,,465014.72,106765.99,2007,61
-15215,1756,ČRNUČE,LJUBLJANA,1086,3,,,1/30,,1312,,,465014.72,106765.99,2007,61
-15101,1772,SLAPE,LJUBLJANA,643/12,5,,,1/1,,248,,,,,2007,61
-15059,1695,KARLOVŠKO PREDMESTJE,LJUBLJANA,406/31,10,,,1/1,,84,,,462478.89,99397,2007,61
-15054,1731,UDMAT,LJUBLJANA,790/4,5,,,1/1,,110,,,,,2007,61
-15043,1727,POLJANSKO PREDMESTJE,LJUBLJANA,286,10,,,28/100,,230,,,462382.53,101154.05,2007,61
-14825,1771,ZADOBROVA,LJUBLJANA,1440/4,3,,,1/1,,218,,,466778.11,104147.84,2007,61
-14825,1771,ZADOBROVA,LJUBLJANA,775/8,3,,,1/1,,550,,,466771.82,104149.84,2007,61
-14752,1737,TABOR,LJUBLJANA,2703,3,,,2/3,,39,,,462032.08,101498.76,2007,61
-14750,1737,TABOR,LJUBLJANA,2703,3,,,1/3,,39,,,462032.08,101498.76,2007,61
-14663,1739,ZGORNJA ŠIŠKA,LJUBLJANA,726/2,3,,,1/1,,669,,,460639.65,103366.34,2007,61
-14644,1756,ČRNUČE,LJUBLJANA,1086,3,,,1/45,,1312,,,465014.72,106765.99,2007,61
-14643,1756,ČRNUČE,LJUBLJANA,1086,3,,,1/45,,1312,,,465014.72,106765.99,2007,61
-14491,1756,ČRNUČE,LJUBLJANA,123/55,10,,,NP,,454,,,463338.3,107307.33,2007,61
-14491,1756,ČRNUČE,LJUBLJANA,123/54,10,,,1/1,,39,,,463329.87,107313.84,2007,61
-14374,1994,DOBROVA,LJUBLJANA,1759/30,7,,,1860/1593216,,88512,,,457042.45,99684.04,2007,61
-14373,1756,ČRNUČE,LJUBLJANA,1086,3,,,1/45,,1312,,,465014.72,106765.99,2007,61
-14371,1756,ČRNUČE,LJUBLJANA,1086,3,,,1/120,,1312,,,465014.72,106765.99,2007,61
-14370,1756,ČRNUČE,LJUBLJANA,1086,3,,,5/120,,1312,,,465014.72,106765.99,2007,61
-14369,1756,ČRNUČE,LJUBLJANA,1085/2,3,,,1/18,,743,,,465050.11,106766.46,2007,61
-14368,1756,ČRNUČE,LJUBLJANA,1085/2,3,,,1/18,,743,,,465050.11,106766.46,2007,61
-14367,1756,ČRNUČE,LJUBLJANA,1085/2,3,,,1/9,,743,,,465050.11,106766.46,2007,61
-14366,1756,ČRNUČE,LJUBLJANA,1085/2,3,,,1/9,,743,,,465050.11,106766.46,2007,61
-14294,1756,ČRNUČE,LJUBLJANA,251/2,5,,,1/1,,322,,,,,2007,61
-14234,1755,GLINCE,LJUBLJANA,456/5,3,,,1/1,,1099,,,457497.35,104829.19,2007,61
-13962,1756,ČRNUČE,LJUBLJANA,633/16,3,,,1/6,,401,,,464671.97,107452.88,2007,61
-13962,1756,ČRNUČE,LJUBLJANA,633/73,3,,,1/6,,1,,,464654.28,107439.82,2007,61
-13959,1730,MOSTE,LJUBLJANA,189/1,3,,,313/10000,,3509,,,,,2007,61
-13959,1730,MOSTE,LJUBLJANA,188/4,3,,,313/10000,,278,,,464647.78,102657.06,2007,61
-13956,1730,MOSTE,LJUBLJANA,188/4,9,,,222/10000,,278,,,464647.78,102657.06,2007,61
-13956,1730,MOSTE,LJUBLJANA,189/1,3,,,222/10000,,3509,,,,,2007,61
-13896,1770,KAŠELJ,LJUBLJANA,1576/1,3,,,1/1,,1388,,,468101.9,101425.83,2007,61
-13896,1770,KAŠELJ,LJUBLJANA,1576/2,3,,,1/1,,549,,,,,2007,61
-13820,1738,DRAVLJE,LJUBLJANA,1713/4,10,,,1/1,,1461,,,460035.31,105095.67,2007,61
-13820,1738,DRAVLJE,LJUBLJANA,1716/13,5,,,1/1,,295,,,,,2007,61
-13820,1738,DRAVLJE,LJUBLJANA,1716/2,5,,,1/1,,1916,,,,,2007,61
-13820,1738,DRAVLJE,LJUBLJANA,1713/164,5,,,1/1,,35,,,,,2007,61
-13820,1738,DRAVLJE,LJUBLJANA,1713/192,5,,,1/1,,591,,,,,2007,61
-13820,1738,DRAVLJE,LJUBLJANA,1713/193,5,,,1/1,,231,,,,,2007,61
-13754,1750,ŠMARTNO POD ŠMARNO GORO,LJUBLJANA,471/2,9,,,1/1,,217,,,459375.3,110055.82,2007,61
-13733,1770,KAŠELJ,LJUBLJANA,1576/2,3,,,2/25,,549,,,,,2007,61
-13698,1695,KARLOVŠKO PREDMESTJE,LJUBLJANA,350/979,7,,,1/1,,66,,,,,2007,61
-13664,1710,GRADIŠČE,LJUBLJANA,419/8,3,,,1/1,,404,,,468077.85,86512.2,2007,61
-13493,1728,LJUBLJANA MESTO,LJUBLJANA,72.S,5,,,242/1000,,345,,,,,2007,61
-13427,1756,ČRNUČE,LJUBLJANA,974/578,3,,,NP,,200,,,463345.8,106630.8,2007,61
-13376,1757,NADGORICA,LJUBLJANA,35/1,5,,,1/1,,1264,,,,,2007,61
-13264,1738,DRAVLJE,LJUBLJANA,1716/8,10,,,2/5,,54,,,460084,105136.59,2007,61
-13264,1738,DRAVLJE,LJUBLJANA,1716/8,5,,,2/5,,87,,,,,2007,61
-13147,1725,AJDOVŠČINA,LJUBLJANA,2544,5,,,2910,,2910,,,,,2007,61
-13104,1695,KARLOVŠKO PREDMESTJE,LJUBLJANA,352/3,3,,,1/1,,1999,,,462469.68,98485.34,2007,61
-13099,1695,KARLOVŠKO PREDMESTJE,LJUBLJANA,350/111,3,,,1/1,,9835,,,462572.14,98628.41,2007,61
-13030,1739,ZGORNJA ŠIŠKA,LJUBLJANA,2219/13,3,,,1/1,,976,,,459300.87,103662.09,2007,61
-13019,1723,VIČ,LJUBLJANA,1650/3,10,,,1/1,,69,,,459306.34,100096.59,2007,61
-13019,1723,VIČ,LJUBLJANA,1650/3,5,,,1/1,,69,,,,,2007,61
-13002,1994,DOBROVA,LJUBLJANA,2036/7,3,,,7/2340,,2006,,,457406.52,99681.51,2007,61
-13002,1994,DOBROVA,LJUBLJANA,2040/2,3,,,NP,,920,,,457457.8,99654.06,2007,61
-13000,1994,DOBROVA,LJUBLJANA,2040/2,3,,,NP,,920,,,457457.8,99654.06,2007,61
-13000,1994,DOBROVA,LJUBLJANA,2036/7,3,,,7/2340,,2006,,,457406.52,99681.51,2007,61
-12995,1994,DOBROVA,LJUBLJANA,2040/2,3,,,NP,,920,,,457457.8,99654.06,2007,61
-12995,1994,DOBROVA,LJUBLJANA,2036/7,3,,,7/2340,,2006,,,457406.52,99681.51,2007,61
-12929,1754,ŠENTVID NAD LJUBLJANO,LJUBLJANA,901/3,3,,,1/41,,554,,,459211.95,105759.38,2007,61
-12929,1754,ŠENTVID NAD LJUBLJANO,LJUBLJANA,901/3,5,,,1/41,,554,,,,,2007,61
-12901,1772,SLAPE,LJUBLJANA,726,5,,,100,,421,,,,,2007,61
-12818,1756,ČRNUČE,LJUBLJANA,633/16,5,,,1/1,,401,,,,,2007,61
-12783,2679,GRADIŠČE II,LJUBLJANA,97/37,3,,,1/1,,728,,,460576.54,101204.42,2007,61
-12738,1727,POLJANSKO PREDMESTJE,LJUBLJANA,422/1,10,,,1/1,,132,,,462604.12,100869.59,2007,61
-12735,1738,DRAVLJE,LJUBLJANA,125/4,10,,,1/1,,93,,,459127.15,104977.68,2007,61
-10590,1772,SLAPE,LJUBLJANA,1747,10,,,NP,,765,,,466250.5,101637.53,2007,61
-10590,1772,SLAPE,LJUBLJANA,1740,10,,,NP,,766,,,466250.46,101587.62,2007,61
-10590,1772,SLAPE,LJUBLJANA,1754,10,,,NP,,873,,,466264.17,101704.96,2007,61
-10588,1738,DRAVLJE,LJUBLJANA,851/10,10,,,1/1,,180,,,,,2007,61
-10588,1738,DRAVLJE,LJUBLJANA,851/13,10,,,1/1,,413,,,,,2007,61
-10538,1737,TABOR,LJUBLJANA,2260,10,,,1/1,,149,,,462180.85,101934.43,2007,61
-10409,1732,ŠTEPANJA VAS,LJUBLJANA,746,10,,,1/1,,43,,,464834.73,101158.71,2007,61
-10380,1738,DRAVLJE,LJUBLJANA,809/23,10,,,1/1,,31,,,459565.61,104219.46,2007,61
-10380,1738,DRAVLJE,LJUBLJANA,809/22,10,,,1/1,,31,,,459532.5,104231.18,2007,61
-10380,1738,DRAVLJE,LJUBLJANA,809/25,10,,,1/1,,31,,,459605.89,104189.26,2007,61
-10380,1738,DRAVLJE,LJUBLJANA,809/24,10,,,1/1,,31,,,459582.01,104183.38,2007,61
-10380,1738,DRAVLJE,LJUBLJANA,809/21,10,,,1/1,,31,,,459501.65,104224.53,2007,61
